{
    "coverImageFilename": "cover.png",
    "icon": "cover.png",
    "components": [
        {
            "type": "FileCopyMod",
            "sourceFileName": "MoonSaber.qsaber",
            "targetRootedPathAndFileName": "/sdcard/Android/data/com.beatgames.beatsaber/files/sabers/testSaber.qsaber"
        }
    ],
    "version": "1.0.0",
    "links": {
        "pageLink": "https://github.com/Uncraftablecreeper/Qsabers/"
    },
    "description": [
        "The Models from moonrider.xyz"
    ],
    "gameVersion": "1.11.0",
    "platform": "Quest",
    "id": "MoonSaberUn_SimpV1.0.0",
    "name": "MoonSaber",
    "author": "Un_Simp",
    "category": "Saber"
}