{
    "coverImageFilename": "cover.png",
    "icon": "cover.png",
    "components": [
        {
            "type": "FileCopyMod",
            "sourceFileName": "hands.qsaber",
            "targetRootedPathAndFileName": "/sdcard/Android/data/com.beatgames.beatsaber/files/sabers/testSaber.qsaber"
        }
    ],
    "version": "1.0.0",
    "links": {
        "pageLink": "https://github.com/Uncraftablecreeper/Qsabers"
    },
    "description": [
        "Hands because yes"
    ],
    "gameVersion": "1.11.1 ",
    "platform": "Quest",
    "id": "handsun_SimpV1.0.0",
    "name": "hands",
    "author": "un_Simp",
    "category": "Saber"
}